3,2021-02-25,19: 59,3434,
4,2021-02-25,20: 17,324,tert
3,2021-02-26,10: 55,4564,fdhgf
2,2021-02-26,10: 56,4356,tterfg
5,2021-02-26,10: 57,3453,sdfssd
2,2021-03-01,11: 08,37,dgte
1,2021-03-08,03: 09,325,dfdsf
5,2021-03-08,19: 45,45,gffdg
5,2021-03-08,19: 45,55,fdfg
5,2021-03-08,19: 46,53,rtr
5,2021-03-08,19: 46,543,ert
2,2021-03-08,20: 02,46,rwe
2,2021-03-08,20: 02,34,
5,2021-03-08,20: 03,45,sdsd
5,2021-03-08,20: 04,345,
5,2021-03-08,20: 10,45,
4,2021-03-08,20: 21,123,1232132
4,2021-03-08,20: 21,123,123213
7,2021-03-08,21: 54,37,aaaa
2,2021-03-09,01: 16,33,
7,2021-03-09,02: 05,36,ssdsd
6,2021-03-09,02: 35,4666,fdgfdg
5,2021-03-09,13: 43,55,
1,2021-03-09,14: 34,35,
2,2021-03-11,01: 27,343,
3,2021-03-11,23: 06,3455,
2,2021-03-15,00: 49,3445,
5,2021-03-15,00: 49,34,
1,2021-03-15,17: 28,345,
